<data>
	<Product>
	</Product>
  <Element>
<!-- MY CUSTOM ELEMENTS HAVE IDS STARTING WITH 7356 (that's my discord id, choose another prefix for yourself :)
This is basically a copy of the Light but being embedded into the floor
-->
<!-- DON'T FORGET TO SET THE ITEM'S MID -->
<me _annotation="In-Floor Light" alternateY="false" costGroup="951" ec="4" mid="73560203" nonSymmetrical="false" offsetRot="R0">
	<data>
		<l eid="1" gridOffX="0" gridOffY="0" layer="0" type="Object">
			<element id="0" lightValue="High" renderOnFloor="false" userTogglable="false" walkGridCost="1">
				<definedStates>
					<l playAnimation="false" state="Standby">
						<r0 aid="735602floorLightOff" flx="false" />		<!-- GIVE ALL ANIMATIONS A CUSTOM ID -->
						<r90 aid="null" flx="false" />
						<r180 aid="null" flx="false" />
						<r270 aid="null" flx="false" />
					</l>
					<l playAnimation="false" state="NoPowerOrError">
						<r0 aid="735602floorLightOff" flx="false" />		<!-- GIVE ALL ANIMATIONS A CUSTOM ID -->
						<r90 aid="null" flx="false" />
						<r180 aid="null" flx="false" />
						<r270 aid="null" flx="false" />
					</l>
				</definedStates>
				<additionaFullLit atInuse="true" atNoPower="false" atStandby="true" mirX="0" mirY="0" x="0" y="0">
					<r0 aid="735602floorLightOn" flx="false" />				<!-- GIVE ALL ANIMATIONS A CUSTOM ID -->
					<r90 aid="null" flx="false" />
					<r180 aid="735602floorLightOn" flx="false" />			<!-- GIVE ALL ANIMATIONS A CUSTOM ID -->
					<r270 aid="null" flx="false" />
				</additionaFullLit>
				<features addFacilityIcons="true" inUseState="true" noPressureDmg="false" normalState="true" produceInNormal="false" />
				<commonPower />
			</element>
		</l>
	</data>
	<linked>
		<l damageGroup="0" eid="4" gridOffX="0" gridOffY="0" id="907" layer="0" rot="R0" />
	</linked>
	<events />
	<objectInfo buildInstant="false" debugOnly="false" disableAirlockTest="false" disableBuildTest="false" disableRotation="false" placeInMenu="5" systemPoints="0" viewMode="Normal">
		<name tid="73560200" />		<!-- ID LINKING TO ITEM NAME -->
		<desc tid="73560201" />		<!-- ID LINKING TO ITEM DESCRIPTION -->
		<guiIcon aid="build_icon_73560202" />		<!-- ID LINKING TO ANIMATION BUILD ICON -->
		<subCat id="1506" />
		<difficultyLevel level="1" skill="Construction" />
	</objectInfo>
</me>
  </Element>
</data>
